{
    "games": [
        { "id": 1, "name": "EA SPORTS FC™", "description": "O EA SPORTS FC™ é o próximo capítulo do Jogo de Todo Mundo.", "released": false, "price": 359.00, "img": "https://cdn2.unrealengine.com/fc24set-epic-hero-carousel-image-1920x1080-1920x1080-57d066ca66e9.jpg?h=720&quality=medium&resize=1&w=1280", "bitImg": "https://cdn2.unrealengine.com/fc24set-epic-portrait-product-image-1200x1600-1200x1600-dfe2373ee736.jpg?h=128&quality=medium&resize=1&w=96", "subtitle": "EM BREVE"},
        { "id": 2, "name": "NARAKA: BLADEPOINT", "description": "Mergulhe nas lendas do Extremo Oriente em NARAKA: BLADEPOINT, uma experiência Battle Royale focada em combate sem igual.", "released": true, "price": 0, "img": "https://cdn2.unrealengine.com/epic-featured-carousel-image-1920x1080-1920x1080-8c2394ed0c91.jpg?h=720&quality=medium&resize=1&w=1280", "bitImg":"https://cdn2.unrealengine.com/1200x1600-with-logo-1200x1600-6480a248c498.jpg?h=128&quality=medium&resize=1&w=96", "subtitle": "JOGUE GRÁTIS AGORA"},
        { "id": 3, "name": "Dead Island 2", "description": "Aprimore sua experiência e receba Pacotes de Personagem Premium. E não se esqueça de pegar a Coleção 'Til Dawn', grátis para todos os jogadores.", "released": true, "price": 299.00, "img": "https://cdn2.unrealengine.com/egs-dead-island-2-launch-carousel-desktop-1920x1080-ac0376f37f14.jpg?h=720&quality=medium&resize=1&w=1280", "bitImg":"https://cdn2.unrealengine.com/egs-dead-island-2-launch-carousel-thumb-1200x1600-e761a5359ce2.jpg?h=128&quality=medium&resize=1&w=96","subtitle": "NOVO CONTEÚDO DISPONÍVEL"},
        { "id": 4, "name": "Marvel's Spider-Man: Miles Morales", "description": "Mas quando uma violenta disputa de forças ameaça destruir seu novo lar, Miles precisa reconhecer e assumir o título de Spider-Man.", "released": true, "price": 199.90, "img": "https://cdn2.unrealengine.com/egs-spider-man-miles-morales-carousel-desktop-1248x702-0cbd7e91abd2.jpg?h=720&quality=medium&resize=1&w=1280", "bitImg":"https://cdn2.unrealengine.com/egs-spider-man-miles-morales-carousel-thumb-1200x1600-b7c0fb2da84b.jpg?h=128&quality=medium&resize=1&w=96", "subtitle": "JÁ DISPONÍVEL"},
        { "id": 5, "name": "The Expanse: A Telltale Series", "description": "Saqueando naves destroçadas e combatendo piratas, vivencie o universo de The Expanse de uma forma nunca antes vista.", "released": false, "price": 107.99, "img": "https://cdn2.unrealengine.com/egs-the-expanse-carousel-desktop-1920x1080-79d992de553e.jpg?h=480&quality=medium&resize=1&w=854", "bitImg":"https://cdn2.unrealengine.com/egs-the-expanse-carousel-thumb-1200x1600-df3b64022ca0.jpg?h=128&quality=medium&resize=1&w=96", "subtitle": "CHEGANDO NO DIA 27 DE JULHO"},
        { "id": 6, "name": "LOTR: Return to Moria™", "description": "Reivindique a terra natal dos Anões de Moria™. O único jogo de criação e sobrevivência ambientado na Quarta Era de Middle-earth™.", "released": false, "price": 0, "img": "https://cdn2.unrealengine.com/1920x1080-keyart-epic-1920x1080-d074edcef7f1.jpg?h=480&quality=medium&resize=1&w=854", "bitImg":"https://cdn2.unrealengine.com/egs-lotr-return-to-moria-carousel-thumb-v2-1200x1600-5d5f6bd3b206.jpg?h=128&quality=medium&resize=1&w=96", "subtitle": "EM BREVE"}
    ]
}